2242,NodeOutput,0
2243,NodeOutput,0
2244,NodeOutput,0
13,NodeWatch,0
8,NodeInput,0
1802,NodeEqInlined,0
1803,NodeEqInlined,0
1804,NodeEqInlined,0
1805,NodeEqInlined,0
1806,NodeEqInlined,0
2,NodeInput,0
1808,NodeShift,0
42,NodeReinterpret,0
5,NodeInput,0
45,NodeOr,0
1809,NodeShift,0
49,NodeReinterpret,0
54,NodeOr,0
530,NodeMux,0
1810,NodeShift,0
62,NodeReinterpret,0
63,NodeOr,0
540,NodeMux,0
1811,NodeShift,0
71,NodeReinterpret,0
76,NodeOr,0
550,NodeMux,0
1812,NodeShift,0
84,NodeReinterpret,0
87,NodeOr,0
560,NodeMux,0
1813,NodeShift,0
93,NodeReinterpret,0
96,NodeOr,0
570,NodeMux,0
1814,NodeShift,0
676,NodeReinterpret,0
714,NodeReinterpret,0
715,NodeSlice,0
716,NodeReinterpret,0
717,NodeCast,0
1815,NodeReinterpret,0
1816,NodeCast,0
1817,NodeShift,0
748,NodeReinterpret,0
786,NodeReinterpret,0
787,NodeSlice,0
788,NodeReinterpret,0
789,NodeCast,0
790,NodeSub,0
750,NodeAnd,0
791,NodeAdd,0
792,NodeReinterpret,0
793,NodeSlice,0
794,NodeReinterpret,0
795,NodeCast,0
1398,NodeAdd,0
1818,NodeShift,0
1452,NodeReinterpret,0
1453,NodeCast,0
1819,NodeShift,0
1442,NodeReinterpret,0
1443,NodeCast,0
2208,NodeReinterpret,0
1422,NodeReinterpret,0
1423,NodeCast,0
459,NodeAdd,0
1821,NodeShift,0
462,NodeReinterpret,0
464,NodeAdd,0
465,NodeOr,0
1822,NodeShift,0
469,NodeReinterpret,0
471,NodeAdd,0
473,NodeAdd,0
474,NodeOr,0
537,NodeMux,0
477,NodeAdd,0
479,NodeAdd,0
1823,NodeShift,0
482,NodeReinterpret,0
483,NodeOr,0
547,NodeMux,0
486,NodeAdd,0
488,NodeAdd,0
1824,NodeShift,0
491,NodeReinterpret,0
493,NodeAdd,0
495,NodeAdd,0
496,NodeOr,0
557,NodeMux,0
499,NodeAdd,0
501,NodeAdd,0
1825,NodeShift,0
504,NodeReinterpret,0
506,NodeSub,0
507,NodeOr,0
567,NodeMux,0
510,NodeAdd,0
1826,NodeShift,0
513,NodeReinterpret,0
515,NodeAdd,0
516,NodeOr,0
577,NodeMux,0
1827,NodeShift,0
711,NodeReinterpret,0
742,NodeReinterpret,0
743,NodeSlice,0
744,NodeReinterpret,0
745,NodeCast,0
1828,NodeReinterpret,0
1829,NodeCast,0
1830,NodeShift,0
783,NodeReinterpret,0
856,NodeReinterpret,0
857,NodeSlice,0
858,NodeReinterpret,0
859,NodeCast,0
860,NodeSub,0
785,NodeAnd,0
861,NodeAdd,0
862,NodeReinterpret,0
863,NodeSlice,0
864,NodeReinterpret,0
865,NodeCast,0
889,NodeAdd,0
1831,NodeEqInlined,0
399,NodeAdd,0
1832,NodeShift,0
402,NodeReinterpret,0
404,NodeAdd,0
405,NodeOr,0
1833,NodeShift,0
409,NodeReinterpret,0
411,NodeAdd,0
413,NodeAdd,0
414,NodeOr,0
536,NodeMux,0
417,NodeAdd,0
419,NodeAdd,0
1834,NodeShift,0
422,NodeReinterpret,0
423,NodeOr,0
546,NodeMux,0
426,NodeAdd,0
428,NodeAdd,0
1835,NodeShift,0
431,NodeReinterpret,0
433,NodeAdd,0
435,NodeAdd,0
436,NodeOr,0
556,NodeMux,0
439,NodeAdd,0
441,NodeAdd,0
1836,NodeShift,0
444,NodeReinterpret,0
446,NodeSub,0
447,NodeOr,0
566,NodeMux,0
450,NodeAdd,0
1837,NodeShift,0
453,NodeReinterpret,0
455,NodeAdd,0
456,NodeOr,0
576,NodeMux,0
1838,NodeShift,0
706,NodeReinterpret,0
738,NodeReinterpret,0
739,NodeSlice,0
740,NodeReinterpret,0
741,NodeCast,0
1839,NodeReinterpret,0
1840,NodeCast,0
1841,NodeShift,0
778,NodeReinterpret,0
846,NodeReinterpret,0
847,NodeSlice,0
848,NodeReinterpret,0
849,NodeCast,0
850,NodeSub,0
780,NodeAnd,0
851,NodeAdd,0
852,NodeReinterpret,0
853,NodeSlice,0
854,NodeReinterpret,0
855,NodeCast,0
886,NodeAdd,0
1842,NodeEqInlined,0
339,NodeAdd,0
1843,NodeShift,0
342,NodeReinterpret,0
344,NodeAdd,0
345,NodeOr,0
1844,NodeShift,0
349,NodeReinterpret,0
351,NodeAdd,0
353,NodeAdd,0
354,NodeOr,0
535,NodeMux,0
357,NodeAdd,0
359,NodeAdd,0
1845,NodeShift,0
362,NodeReinterpret,0
363,NodeOr,0
545,NodeMux,0
366,NodeAdd,0
368,NodeAdd,0
1846,NodeShift,0
371,NodeReinterpret,0
373,NodeAdd,0
375,NodeAdd,0
376,NodeOr,0
555,NodeMux,0
379,NodeAdd,0
381,NodeAdd,0
1847,NodeShift,0
384,NodeReinterpret,0
386,NodeSub,0
387,NodeOr,0
565,NodeMux,0
390,NodeAdd,0
1848,NodeShift,0
393,NodeReinterpret,0
395,NodeAdd,0
396,NodeOr,0
575,NodeMux,0
1849,NodeShift,0
701,NodeReinterpret,0
734,NodeReinterpret,0
735,NodeSlice,0
736,NodeReinterpret,0
737,NodeCast,0
1850,NodeReinterpret,0
1851,NodeCast,0
1852,NodeShift,0
773,NodeReinterpret,0
836,NodeReinterpret,0
837,NodeSlice,0
838,NodeReinterpret,0
839,NodeCast,0
840,NodeSub,0
775,NodeAnd,0
841,NodeAdd,0
842,NodeReinterpret,0
843,NodeSlice,0
844,NodeReinterpret,0
845,NodeCast,0
883,NodeAdd,0
1853,NodeEqInlined,0
279,NodeAdd,0
1854,NodeShift,0
282,NodeReinterpret,0
285,NodeOr,0
1855,NodeShift,0
289,NodeReinterpret,0
291,NodeAdd,0
294,NodeOr,0
534,NodeMux,0
297,NodeAdd,0
1856,NodeShift,0
302,NodeReinterpret,0
303,NodeOr,0
544,NodeMux,0
306,NodeAdd,0
1857,NodeShift,0
311,NodeReinterpret,0
313,NodeAdd,0
316,NodeOr,0
554,NodeMux,0
319,NodeAdd,0
1858,NodeShift,0
324,NodeReinterpret,0
326,NodeSub,0
327,NodeOr,0
564,NodeMux,0
1859,NodeShift,0
333,NodeReinterpret,0
335,NodeAdd,0
336,NodeOr,0
574,NodeMux,0
1860,NodeShift,0
696,NodeReinterpret,0
730,NodeReinterpret,0
731,NodeSlice,0
732,NodeReinterpret,0
733,NodeCast,0
1861,NodeReinterpret,0
1862,NodeCast,0
1863,NodeShift,0
768,NodeReinterpret,0
826,NodeReinterpret,0
827,NodeSlice,0
828,NodeReinterpret,0
829,NodeCast,0
830,NodeSub,0
770,NodeAnd,0
831,NodeAdd,0
832,NodeReinterpret,0
833,NodeSlice,0
834,NodeReinterpret,0
835,NodeCast,0
880,NodeAdd,0
1864,NodeEqInlined,0
1865,NodeShift,0
222,NodeReinterpret,0
224,NodeAdd,0
225,NodeOr,0
1866,NodeShift,0
229,NodeReinterpret,0
233,NodeAdd,0
234,NodeOr,0
533,NodeMux,0
239,NodeAdd,0
1867,NodeShift,0
242,NodeReinterpret,0
243,NodeOr,0
543,NodeMux,0
248,NodeAdd,0
1868,NodeShift,0
251,NodeReinterpret,0
255,NodeAdd,0
256,NodeOr,0
553,NodeMux,0
261,NodeAdd,0
1869,NodeShift,0
264,NodeReinterpret,0
266,NodeSub,0
267,NodeOr,0
563,NodeMux,0
270,NodeAdd,0
1870,NodeShift,0
273,NodeReinterpret,0
276,NodeOr,0
573,NodeMux,0
1871,NodeShift,0
691,NodeReinterpret,0
726,NodeReinterpret,0
727,NodeSlice,0
728,NodeReinterpret,0
729,NodeCast,0
1872,NodeReinterpret,0
1873,NodeCast,0
1874,NodeShift,0
763,NodeReinterpret,0
816,NodeReinterpret,0
817,NodeSlice,0
818,NodeReinterpret,0
819,NodeCast,0
820,NodeSub,0
765,NodeAnd,0
821,NodeAdd,0
822,NodeReinterpret,0
823,NodeSlice,0
824,NodeReinterpret,0
825,NodeCast,0
877,NodeAdd,0
1875,NodeEqInlined,0
1876,NodeShift,0
162,NodeReinterpret,0
164,NodeAdd,0
165,NodeOr,0
1877,NodeShift,0
169,NodeReinterpret,0
173,NodeAdd,0
174,NodeOr,0
532,NodeMux,0
179,NodeAdd,0
1878,NodeShift,0
182,NodeReinterpret,0
183,NodeOr,0
542,NodeMux,0
188,NodeAdd,0
1879,NodeShift,0
191,NodeReinterpret,0
195,NodeAdd,0
196,NodeOr,0
552,NodeMux,0
201,NodeAdd,0
1880,NodeShift,0
204,NodeReinterpret,0
206,NodeSub,0
207,NodeOr,0
562,NodeMux,0
210,NodeAdd,0
1881,NodeShift,0
213,NodeReinterpret,0
216,NodeOr,0
572,NodeMux,0
1882,NodeShift,0
686,NodeReinterpret,0
722,NodeReinterpret,0
723,NodeSlice,0
724,NodeReinterpret,0
725,NodeCast,0
1883,NodeReinterpret,0
1884,NodeCast,0
1885,NodeShift,0
758,NodeReinterpret,0
806,NodeReinterpret,0
807,NodeSlice,0
808,NodeReinterpret,0
809,NodeCast,0
810,NodeSub,0
760,NodeAnd,0
811,NodeAdd,0
812,NodeReinterpret,0
813,NodeSlice,0
814,NodeReinterpret,0
815,NodeCast,0
874,NodeAdd,0
1886,NodeEqInlined,0
1887,NodeShift,0
102,NodeReinterpret,0
104,NodeAdd,0
105,NodeOr,0
1888,NodeShift,0
109,NodeReinterpret,0
113,NodeAdd,0
114,NodeOr,0
531,NodeMux,0
119,NodeAdd,0
1889,NodeShift,0
122,NodeReinterpret,0
123,NodeOr,0
541,NodeMux,0
128,NodeAdd,0
1890,NodeShift,0
131,NodeReinterpret,0
135,NodeAdd,0
136,NodeOr,0
551,NodeMux,0
141,NodeAdd,0
1891,NodeShift,0
144,NodeReinterpret,0
146,NodeSub,0
147,NodeOr,0
561,NodeMux,0
150,NodeAdd,0
1892,NodeShift,0
153,NodeReinterpret,0
156,NodeOr,0
571,NodeMux,0
1893,NodeShift,0
681,NodeReinterpret,0
718,NodeReinterpret,0
719,NodeSlice,0
720,NodeReinterpret,0
721,NodeCast,0
1894,NodeReinterpret,0
1895,NodeCast,0
1896,NodeShift,0
753,NodeReinterpret,0
796,NodeReinterpret,0
797,NodeSlice,0
798,NodeReinterpret,0
799,NodeCast,0
800,NodeSub,0
755,NodeAnd,0
801,NodeAdd,0
802,NodeReinterpret,0
803,NodeSlice,0
804,NodeReinterpret,0
805,NodeCast,0
871,NodeAdd,0
1897,NodeEqInlined,0
1901,NodeShift,0
580,NodeReinterpret,0
1902,NodeReinterpret,0
1903,NodeCast,0
1904,NodeReinterpret,0
1906,NodeAdd,0
1905,NodeReinterpret,0
1907,NodeAdd,0
1908,NodeCast,0
582,NodeAnd,0
1909,NodeReinterpret,0
1910,NodeCast,0
624,NodeAdd,0
1911,NodeShift,0
585,NodeReinterpret,0
1912,NodeReinterpret,0
1913,NodeCast,0
1914,NodeReinterpret,0
1916,NodeAdd,0
1915,NodeReinterpret,0
1917,NodeAdd,0
1918,NodeCast,0
587,NodeAnd,0
1919,NodeReinterpret,0
1920,NodeCast,0
631,NodeAdd,0
895,NodeMux,0
1921,NodeShift,0
590,NodeReinterpret,0
1922,NodeReinterpret,0
1923,NodeCast,0
1924,NodeReinterpret,0
1926,NodeAdd,0
1925,NodeReinterpret,0
1927,NodeAdd,0
1928,NodeCast,0
592,NodeAnd,0
1929,NodeReinterpret,0
1930,NodeCast,0
638,NodeAdd,0
898,NodeMux,0
1931,NodeShift,0
595,NodeReinterpret,0
1932,NodeReinterpret,0
1933,NodeCast,0
1934,NodeReinterpret,0
1936,NodeAdd,0
1935,NodeReinterpret,0
1937,NodeAdd,0
1938,NodeCast,0
597,NodeAnd,0
1939,NodeReinterpret,0
1940,NodeCast,0
645,NodeAdd,0
901,NodeMux,0
1941,NodeShift,0
600,NodeReinterpret,0
1942,NodeReinterpret,0
1943,NodeCast,0
1944,NodeReinterpret,0
1946,NodeAdd,0
1945,NodeReinterpret,0
1947,NodeAdd,0
1948,NodeCast,0
602,NodeAnd,0
1949,NodeReinterpret,0
1950,NodeCast,0
652,NodeAdd,0
904,NodeMux,0
1951,NodeShift,0
605,NodeReinterpret,0
1952,NodeReinterpret,0
1953,NodeCast,0
1954,NodeReinterpret,0
1956,NodeAdd,0
1955,NodeReinterpret,0
1957,NodeAdd,0
1958,NodeCast,0
607,NodeAnd,0
1959,NodeReinterpret,0
1960,NodeCast,0
659,NodeAdd,0
907,NodeMux,0
1961,NodeShift,0
610,NodeReinterpret,0
1962,NodeReinterpret,0
1963,NodeCast,0
1964,NodeReinterpret,0
1966,NodeAdd,0
1965,NodeReinterpret,0
1967,NodeAdd,0
1968,NodeCast,0
612,NodeAnd,0
1969,NodeReinterpret,0
1970,NodeCast,0
666,NodeAdd,0
910,NodeMux,0
1971,NodeShift,0
615,NodeReinterpret,0
1972,NodeReinterpret,0
1973,NodeCast,0
1974,NodeReinterpret,0
1976,NodeAdd,0
1975,NodeReinterpret,0
1977,NodeAdd,0
1978,NodeCast,0
617,NodeAnd,0
1979,NodeReinterpret,0
1980,NodeCast,0
673,NodeAdd,0
913,NodeMux,0
1352,NodeCast,0
1982,NodeReinterpret,0
1983,NodeCast,0
1105,NodeAdd,0
1984,NodeEqInlined,0
1985,NodeReinterpret,0
1986,NodeCast,0
1102,NodeAdd,0
1987,NodeEqInlined,0
1988,NodeReinterpret,0
1989,NodeCast,0
1099,NodeAdd,0
1990,NodeEqInlined,0
1991,NodeReinterpret,0
1992,NodeCast,0
1096,NodeAdd,0
1993,NodeEqInlined,0
1994,NodeReinterpret,0
1995,NodeCast,0
1093,NodeAdd,0
1996,NodeEqInlined,0
1997,NodeReinterpret,0
1998,NodeCast,0
1090,NodeAdd,0
1999,NodeEqInlined,0
2000,NodeReinterpret,0
2001,NodeCast,0
1087,NodeAdd,0
2002,NodeEqInlined,0
16,NodeInput,0
19,NodeInput,0
1111,NodeMux,0
22,NodeInput,0
1114,NodeMux,0
25,NodeInput,0
1117,NodeMux,0
28,NodeInput,0
1120,NodeMux,0
31,NodeInput,0
1123,NodeMux,0
34,NodeInput,0
1126,NodeMux,0
37,NodeInput,0
1129,NodeMux,0
1311,NodeAdd,0
1312,NodeMux,0
11,NodeInput,0
2209,NodeReinterpret,0
1350,NodeReinterpret,0
1351,NodeCast,0
1353,NodeCast,0
1780,NodeRAM,0
2007,NodeEqInlined,0
2008,NodeEqInlined,0
2009,NodeEqInlined,0
2010,NodeEqInlined,0
2011,NodeEqInlined,0
2012,NodeEqInlined,0
2013,NodeEqInlined,0
1898,NodeReinterpret,0
1899,NodeCast,0
868,NodeAdd,0
2014,NodeEqInlined,0
916,NodeMux,0
919,NodeMux,0
922,NodeMux,0
925,NodeMux,0
928,NodeMux,0
931,NodeMux,0
934,NodeMux,0
937,NodeMux,0
1358,NodeCast,0
2016,NodeEqInlined,0
2017,NodeEqInlined,0
2018,NodeEqInlined,0
2019,NodeEqInlined,0
2020,NodeEqInlined,0
2021,NodeEqInlined,0
2022,NodeEqInlined,0
2003,NodeReinterpret,0
2004,NodeCast,0
1084,NodeAdd,0
2023,NodeEqInlined,0
1132,NodeMux,0
1135,NodeMux,0
1138,NodeMux,0
1141,NodeMux,0
1144,NodeMux,0
1147,NodeMux,0
1150,NodeMux,0
1153,NodeMux,0
1316,NodeAdd,0
1317,NodeMux,0
2024,NodeShift,0
1356,NodeReinterpret,0
1357,NodeCast,0
1359,NodeCast,0
1781,NodeRAM,0
1424,NodeMux,0
2210,NodeReinterpret,0
1427,NodeReinterpret,0
1428,NodeCast,0
2026,NodeEqInlined,0
2027,NodeEqInlined,0
2028,NodeEqInlined,0
2029,NodeEqInlined,0
2030,NodeEqInlined,0
2031,NodeEqInlined,0
2032,NodeEqInlined,0
2033,NodeEqInlined,0
940,NodeMux,0
943,NodeMux,0
946,NodeMux,0
949,NodeMux,0
952,NodeMux,0
955,NodeMux,0
958,NodeMux,0
961,NodeMux,0
1364,NodeCast,0
2035,NodeEqInlined,0
2036,NodeEqInlined,0
2037,NodeEqInlined,0
2038,NodeEqInlined,0
2039,NodeEqInlined,0
2040,NodeEqInlined,0
2041,NodeEqInlined,0
2042,NodeEqInlined,0
1156,NodeMux,0
1159,NodeMux,0
1162,NodeMux,0
1165,NodeMux,0
1168,NodeMux,0
1171,NodeMux,0
1174,NodeMux,0
1177,NodeMux,0
1321,NodeAdd,0
1322,NodeMux,0
2043,NodeShift,0
1362,NodeReinterpret,0
1363,NodeCast,0
1365,NodeCast,0
1782,NodeRAM,0
2044,NodeEqInlined,0
2045,NodeEqInlined,0
2046,NodeEqInlined,0
2047,NodeEqInlined,0
2048,NodeEqInlined,0
2049,NodeEqInlined,0
2050,NodeEqInlined,0
2051,NodeEqInlined,0
964,NodeMux,0
967,NodeMux,0
970,NodeMux,0
973,NodeMux,0
976,NodeMux,0
979,NodeMux,0
982,NodeMux,0
985,NodeMux,0
1370,NodeCast,0
2053,NodeEqInlined,0
2054,NodeEqInlined,0
2055,NodeEqInlined,0
2056,NodeEqInlined,0
2057,NodeEqInlined,0
2058,NodeEqInlined,0
2059,NodeEqInlined,0
2060,NodeEqInlined,0
1180,NodeMux,0
1183,NodeMux,0
1186,NodeMux,0
1189,NodeMux,0
1192,NodeMux,0
1195,NodeMux,0
1198,NodeMux,0
1201,NodeMux,0
1326,NodeAdd,0
1327,NodeMux,0
2061,NodeShift,0
1368,NodeReinterpret,0
1369,NodeCast,0
1371,NodeCast,0
1783,NodeRAM,0
1429,NodeMux,0
1444,NodeMux,0
2062,NodeShift,0
1447,NodeReinterpret,0
1448,NodeCast,0
2211,NodeReinterpret,0
1432,NodeReinterpret,0
1433,NodeCast,0
2064,NodeEqInlined,0
2065,NodeEqInlined,0
2066,NodeEqInlined,0
2067,NodeEqInlined,0
2068,NodeEqInlined,0
2069,NodeEqInlined,0
2070,NodeEqInlined,0
2071,NodeEqInlined,0
988,NodeMux,0
991,NodeMux,0
994,NodeMux,0
997,NodeMux,0
1000,NodeMux,0
1003,NodeMux,0
1006,NodeMux,0
1009,NodeMux,0
1376,NodeCast,0
2073,NodeEqInlined,0
2074,NodeEqInlined,0
2075,NodeEqInlined,0
2076,NodeEqInlined,0
2077,NodeEqInlined,0
2078,NodeEqInlined,0
2079,NodeEqInlined,0
2080,NodeEqInlined,0
1204,NodeMux,0
1207,NodeMux,0
1210,NodeMux,0
1213,NodeMux,0
1216,NodeMux,0
1219,NodeMux,0
1222,NodeMux,0
1225,NodeMux,0
1331,NodeAdd,0
1332,NodeMux,0
2081,NodeShift,0
1374,NodeReinterpret,0
1375,NodeCast,0
1377,NodeCast,0
1784,NodeRAM,0
2082,NodeEqInlined,0
2083,NodeEqInlined,0
2084,NodeEqInlined,0
2085,NodeEqInlined,0
2086,NodeEqInlined,0
2087,NodeEqInlined,0
2088,NodeEqInlined,0
2089,NodeEqInlined,0
1012,NodeMux,0
1015,NodeMux,0
1018,NodeMux,0
1021,NodeMux,0
1024,NodeMux,0
1027,NodeMux,0
1030,NodeMux,0
1033,NodeMux,0
1382,NodeCast,0
2091,NodeEqInlined,0
2092,NodeEqInlined,0
2093,NodeEqInlined,0
2094,NodeEqInlined,0
2095,NodeEqInlined,0
2096,NodeEqInlined,0
2097,NodeEqInlined,0
2098,NodeEqInlined,0
1228,NodeMux,0
1231,NodeMux,0
1234,NodeMux,0
1237,NodeMux,0
1240,NodeMux,0
1243,NodeMux,0
1246,NodeMux,0
1249,NodeMux,0
1336,NodeAdd,0
1337,NodeMux,0
2099,NodeShift,0
1380,NodeReinterpret,0
1381,NodeCast,0
1383,NodeCast,0
1785,NodeRAM,0
1434,NodeMux,0
2212,NodeReinterpret,0
1437,NodeReinterpret,0
1438,NodeCast,0
2101,NodeEqInlined,0
2102,NodeEqInlined,0
2103,NodeEqInlined,0
2104,NodeEqInlined,0
2105,NodeEqInlined,0
2106,NodeEqInlined,0
2107,NodeEqInlined,0
2108,NodeEqInlined,0
1036,NodeMux,0
1039,NodeMux,0
1042,NodeMux,0
1045,NodeMux,0
1048,NodeMux,0
1051,NodeMux,0
1054,NodeMux,0
1057,NodeMux,0
1388,NodeCast,0
2110,NodeEqInlined,0
2111,NodeEqInlined,0
2112,NodeEqInlined,0
2113,NodeEqInlined,0
2114,NodeEqInlined,0
2115,NodeEqInlined,0
2116,NodeEqInlined,0
2117,NodeEqInlined,0
1252,NodeMux,0
1255,NodeMux,0
1258,NodeMux,0
1261,NodeMux,0
1264,NodeMux,0
1267,NodeMux,0
1270,NodeMux,0
1273,NodeMux,0
1341,NodeAdd,0
1342,NodeMux,0
2118,NodeShift,0
1386,NodeReinterpret,0
1387,NodeCast,0
1389,NodeCast,0
1786,NodeRAM,0
2119,NodeEqInlined,0
2120,NodeEqInlined,0
2121,NodeEqInlined,0
2122,NodeEqInlined,0
2123,NodeEqInlined,0
2124,NodeEqInlined,0
2125,NodeEqInlined,0
2126,NodeEqInlined,0
1060,NodeMux,0
1063,NodeMux,0
1066,NodeMux,0
1069,NodeMux,0
1072,NodeMux,0
1075,NodeMux,0
1078,NodeMux,0
1081,NodeMux,0
1394,NodeCast,0
2128,NodeEqInlined,0
2129,NodeEqInlined,0
2130,NodeEqInlined,0
2131,NodeEqInlined,0
2132,NodeEqInlined,0
2133,NodeEqInlined,0
2134,NodeEqInlined,0
2135,NodeEqInlined,0
1276,NodeMux,0
1279,NodeMux,0
1282,NodeMux,0
1285,NodeMux,0
1288,NodeMux,0
1291,NodeMux,0
1294,NodeMux,0
1297,NodeMux,0
1346,NodeAdd,0
1347,NodeMux,0
2136,NodeShift,0
1392,NodeReinterpret,0
1393,NodeCast,0
1395,NodeCast,0
1787,NodeRAM,0
1439,NodeMux,0
1449,NodeMux,0
1454,NodeMux,0
1703,NodeAdd,0
1704,NodeMux,0
1744,NodeOutput,0
2138,NodeReinterpret,0
2139,NodeCast,0
1401,NodeAdd,0
2140,NodeShift,0
1487,NodeReinterpret,0
1488,NodeCast,0
2141,NodeShift,0
1477,NodeReinterpret,0
1478,NodeCast,0
2213,NodeReinterpret,0
1457,NodeReinterpret,0
1458,NodeCast,0
1459,NodeMux,0
2214,NodeReinterpret,0
1462,NodeReinterpret,0
1463,NodeCast,0
1464,NodeMux,0
1479,NodeMux,0
2144,NodeShift,0
1482,NodeReinterpret,0
1483,NodeCast,0
2215,NodeReinterpret,0
1467,NodeReinterpret,0
1468,NodeCast,0
1469,NodeMux,0
2216,NodeReinterpret,0
1472,NodeReinterpret,0
1473,NodeCast,0
1474,NodeMux,0
1484,NodeMux,0
1489,NodeMux,0
1708,NodeAdd,0
1709,NodeMux,0
1749,NodeOutput,0
2148,NodeReinterpret,0
2149,NodeCast,0
1404,NodeAdd,0
2150,NodeShift,0
1522,NodeReinterpret,0
1523,NodeCast,0
2151,NodeShift,0
1512,NodeReinterpret,0
1513,NodeCast,0
2217,NodeReinterpret,0
1492,NodeReinterpret,0
1493,NodeCast,0
1494,NodeMux,0
2218,NodeReinterpret,0
1497,NodeReinterpret,0
1498,NodeCast,0
1499,NodeMux,0
1514,NodeMux,0
2154,NodeShift,0
1517,NodeReinterpret,0
1518,NodeCast,0
2219,NodeReinterpret,0
1502,NodeReinterpret,0
1503,NodeCast,0
1504,NodeMux,0
2220,NodeReinterpret,0
1507,NodeReinterpret,0
1508,NodeCast,0
1509,NodeMux,0
1519,NodeMux,0
1524,NodeMux,0
1713,NodeAdd,0
1714,NodeMux,0
1754,NodeOutput,0
2158,NodeReinterpret,0
2159,NodeCast,0
1407,NodeAdd,0
2160,NodeShift,0
1557,NodeReinterpret,0
1558,NodeCast,0
2161,NodeShift,0
1547,NodeReinterpret,0
1548,NodeCast,0
2221,NodeReinterpret,0
1527,NodeReinterpret,0
1528,NodeCast,0
1529,NodeMux,0
2222,NodeReinterpret,0
1532,NodeReinterpret,0
1533,NodeCast,0
1534,NodeMux,0
1549,NodeMux,0
2164,NodeShift,0
1552,NodeReinterpret,0
1553,NodeCast,0
2223,NodeReinterpret,0
1537,NodeReinterpret,0
1538,NodeCast,0
1539,NodeMux,0
2224,NodeReinterpret,0
1542,NodeReinterpret,0
1543,NodeCast,0
1544,NodeMux,0
1554,NodeMux,0
1559,NodeMux,0
1718,NodeAdd,0
1719,NodeMux,0
1759,NodeOutput,0
2168,NodeReinterpret,0
2169,NodeCast,0
1410,NodeAdd,0
2170,NodeShift,0
1592,NodeReinterpret,0
1593,NodeCast,0
2171,NodeShift,0
1582,NodeReinterpret,0
1583,NodeCast,0
2225,NodeReinterpret,0
1562,NodeReinterpret,0
1563,NodeCast,0
1564,NodeMux,0
2226,NodeReinterpret,0
1567,NodeReinterpret,0
1568,NodeCast,0
1569,NodeMux,0
1584,NodeMux,0
2174,NodeShift,0
1587,NodeReinterpret,0
1588,NodeCast,0
2227,NodeReinterpret,0
1572,NodeReinterpret,0
1573,NodeCast,0
1574,NodeMux,0
2228,NodeReinterpret,0
1577,NodeReinterpret,0
1578,NodeCast,0
1579,NodeMux,0
1589,NodeMux,0
1594,NodeMux,0
1723,NodeAdd,0
1724,NodeMux,0
1764,NodeOutput,0
2178,NodeReinterpret,0
2179,NodeCast,0
1413,NodeAdd,0
2180,NodeShift,0
1627,NodeReinterpret,0
1628,NodeCast,0
2181,NodeShift,0
1617,NodeReinterpret,0
1618,NodeCast,0
2229,NodeReinterpret,0
1597,NodeReinterpret,0
1598,NodeCast,0
1599,NodeMux,0
2230,NodeReinterpret,0
1602,NodeReinterpret,0
1603,NodeCast,0
1604,NodeMux,0
1619,NodeMux,0
2184,NodeShift,0
1622,NodeReinterpret,0
1623,NodeCast,0
2231,NodeReinterpret,0
1607,NodeReinterpret,0
1608,NodeCast,0
1609,NodeMux,0
2232,NodeReinterpret,0
1612,NodeReinterpret,0
1613,NodeCast,0
1614,NodeMux,0
1624,NodeMux,0
1629,NodeMux,0
1728,NodeAdd,0
1729,NodeMux,0
1769,NodeOutput,0
2188,NodeReinterpret,0
2189,NodeCast,0
1416,NodeAdd,0
2190,NodeShift,0
1662,NodeReinterpret,0
1663,NodeCast,0
2191,NodeShift,0
1652,NodeReinterpret,0
1653,NodeCast,0
2233,NodeReinterpret,0
1632,NodeReinterpret,0
1633,NodeCast,0
1634,NodeMux,0
2234,NodeReinterpret,0
1637,NodeReinterpret,0
1638,NodeCast,0
1639,NodeMux,0
1654,NodeMux,0
2194,NodeShift,0
1657,NodeReinterpret,0
1658,NodeCast,0
2235,NodeReinterpret,0
1642,NodeReinterpret,0
1643,NodeCast,0
1644,NodeMux,0
2236,NodeReinterpret,0
1647,NodeReinterpret,0
1648,NodeCast,0
1649,NodeMux,0
1659,NodeMux,0
1664,NodeMux,0
1733,NodeAdd,0
1734,NodeMux,0
1774,NodeOutput,0
2198,NodeReinterpret,0
2199,NodeCast,0
1419,NodeAdd,0
2200,NodeShift,0
1697,NodeReinterpret,0
1698,NodeCast,0
2201,NodeShift,0
1687,NodeReinterpret,0
1688,NodeCast,0
2237,NodeReinterpret,0
1667,NodeReinterpret,0
1668,NodeCast,0
1669,NodeMux,0
2238,NodeReinterpret,0
1672,NodeReinterpret,0
1673,NodeCast,0
1674,NodeMux,0
1689,NodeMux,0
2204,NodeShift,0
1692,NodeReinterpret,0
1693,NodeCast,0
2239,NodeReinterpret,0
1677,NodeReinterpret,0
1678,NodeCast,0
1679,NodeMux,0
2240,NodeReinterpret,0
1682,NodeReinterpret,0
1683,NodeCast,0
1684,NodeMux,0
1694,NodeMux,0
1699,NodeMux,0
1738,NodeAdd,0
1739,NodeMux,0
1779,NodeOutput,0
1790,NodeCounter,0
1791,NodeStreamOffset,0
1793,NodeOutputMappedReg,0
1796,NodeCounter,0
2207,NodeEqInlined,0
1797,NodeFlush,0
