2,NodeInput,0
3,NodeSlice,0
4,NodeReinterpret,0
31,NodeOutput,0
5,NodeSlice,0
6,NodeReinterpret,0
36,NodeOutput,0
7,NodeSlice,0
8,NodeReinterpret,0
41,NodeOutput,0
9,NodeSlice,0
10,NodeReinterpret,0
46,NodeOutput,0
11,NodeSlice,0
12,NodeReinterpret,0
51,NodeOutput,0
13,NodeSlice,0
14,NodeReinterpret,0
56,NodeOutput,0
15,NodeSlice,0
16,NodeReinterpret,0
61,NodeOutput,0
17,NodeSlice,0
18,NodeReinterpret,0
66,NodeOutput,0
19,NodeSlice,0
20,NodeReinterpret,0
71,NodeOutput,0
21,NodeSlice,0
22,NodeReinterpret,0
76,NodeOutput,0
23,NodeSlice,0
24,NodeReinterpret,0
81,NodeOutput,0
25,NodeSlice,0
26,NodeReinterpret,0
86,NodeOutput,0
89,NodeCounter,0
90,NodeStreamOffset,0
92,NodeOutputMappedReg,0
95,NodeCounter,0
99,NodeEqInlined,0
96,NodeFlush,0
